label,jmbmt_ambig_simil,jmbmt_disambig_simil,bert_ambig_simil,bert_disambig_simil
bert_good,0.49210472161724805,0.45470224009807575,0.9228348756147141,0.9672668598430126
both_bad,0.5281084150743066,0.4878029260107734,0.955463591657978,0.9216804827752685
both_good,0.4588999917226119,0.49282003263484425,0.9182414945557975,0.968933117713238
jmbmt_good,0.4762979532426279,0.5171619246749675,0.9543907873712395,0.9246354858690444
